{"bilibili-image-cdn.juhazf.cn:50021-any": 1782808581.7188368, "bilibili-image-cdn.juhazf.cn:55035-any": 1782808596.39654, "bilibili-image-cdn.juhazf.cn:50033-any": 1782808785.404731, "bilibili-image-cdn.juhazf.cn:55093-any": 1782808797.4580188, "bilibili-image-cdn.juhazf.cn:50009-any": 1782808810.344729}